{"cameraMode":{"drawMode":0,"name":"Shaded","section":"Shading Mode"},"sceneLighting":false,"audioPlay":false,"sceneViewState":{"showFog":true,"showMaterialUpdate":false,"showSkybox":true,"showFlares":true,"showImageEffects":true,"showParticleSystems":true},"in2DMode":false,"pivot":{"x":0.010250002145767212,"y":0.2998499870300293,"z":-0.01335000991821289},"rotation":{"x":-0.06541422009468079,"y":0.39797019958496096,"z":-0.028462637215852739,"w":-0.9146294593811035},"size":1.4851655960083008,"orthographic":false}