{"cameraMode":{"drawMode":0,"name":"Shaded","section":"Shading Mode"},"sceneLighting":false,"audioPlay":false,"sceneViewState":{"showFog":true,"showMaterialUpdate":false,"showSkybox":true,"showFlares":true,"showImageEffects":true,"showParticleSystems":true},"in2DMode":false,"pivot":{"x":-0.8463934659957886,"y":0.9537014961242676,"z":-1.3696650266647339},"rotation":{"x":0.12998224794864655,"y":0.3900623023509979,"z":-0.05572357773780823,"w":0.9098712801933289},"size":0.2968652844429016,"orthographic":false}