{"cameraMode":{"drawMode":0,"name":"Shaded","section":"Shading Mode"},"sceneLighting":true,"audioPlay":false,"sceneViewState":{"showFog":true,"showMaterialUpdate":false,"showSkybox":true,"showFlares":true,"showImageEffects":true,"showParticleSystems":true},"in2DMode":false,"pivot":{"x":0.9114068746566773,"y":0.1415625512599945,"z":-0.4352157711982727},"rotation":{"x":0.04711559787392616,"y":-0.5612545013427734,"z":0.03202562406659126,"w":0.8256868720054627},"size":4.578379154205322,"orthographic":false}